peptideModSeq	precursorCharge	accession
AAAEEQIKQLASVILK	3	sp|Q96P70|IPO9_HUMAN
AAEIYGVTHTR	2	sp|Q9HCS7|SYF1_HUMAN
AAGFKDPLLASGTDGVGTK	3	sp|P22102|PUR2_HUMAN
AATENIPVVR	2	sp|Q6P1J9|CDC73_HUMAN
AAVENLPTFLVELSR	3	sp|Q14974|IMB1_HUMAN
AEVLWLMGAK	2	sp|O94906|PRP6_HUMAN
AFPEHFTYEPNEADAAQGYR	3	sp|P13807|GYS1_HUMAN
AGEGTYALDSESC[+57.0215]MEK	2	sp|O00541|PESC_HUMAN
AGVNTVTTLVENKK	3	sp|P62424|RL7A_HUMAN
AHDPLADVSNDLGHSGR	3	sp|P55199|ELL_HUMAN
AIEINPDSAQPYK	2	sp|P50502|F10A1_HUMAN
AIEINPDSAQPYK	2	sp|Q8IZP2|ST134_HUMAN
AIEINPDSAQPYK	2	sp|Q8NFI4|F10A5_HUMAN
AIPSFLNSFNR	2	sp|Q14146|URB2_HUMAN
AKPAEAPAAAAPK	2	sp|P36957|ODO2_HUMAN
ALDDISESIK	2	sp|Q9Y3B8|ORN_HUMAN
ALDELFEAIEQK	3	sp|Q27J81|INF2_HUMAN
ALLESMVDAAENLC[+57.0215]PNVMK	3	sp|Q5VZK9|CARL1_HUMAN
ALQGLVWLKVC[+57.0215]DSC[+57.0215]HALLIQR	3	sp|Q8WXA3|RUFY2_HUMAN
ALQTVIEMKAAILQTEVDALR	3	sp|O15083|ERC2_HUMAN
ALWEDEGVR	2	sp|Q5JWF2|GNAS1_HUMAN
AQAALAVNISAAR	2	sp|P40227|TCPZ_HUMAN
AQAEAQQPTFDALRDELR	3	sp|Q15149|PLEC_HUMAN
AQEEADYIEWLK	2	sp|Q8N9T8|KRI1_HUMAN
AQQEHQSLLEK	2	sp|Q9Y496|KIF3A_HUMAN
AQTAHIVLEDGTK	2	sp|P31327|CPSM_HUMAN
AQVARPGGDTIFGK	3	sp|P49773|HINT1_HUMAN
ASLLQNESTNEQLQIHYK	3	sp|Q9BT78|CSN4_HUMAN
ATAGAYIASQTVK	2	sp|P28074|PSB5_HUMAN
AVDEAADALLKEVAGAK	3	sp|Q16891|MIC60_HUMAN
AVDEDPENQTLR	2	sp|Q92845|KIFA3_HUMAN
AVEVQGPSLESGDHGK	2	sp|Q09666|AHNK_HUMAN
AVIEHNLLSASK	3	sp|Q9BT78|CSN4_HUMAN
AVLQEEQANLWFSK	2	sp|Q8IY81|SPB1_HUMAN
AVSSAIAQLLGEVAQGNENYAGIAAR	3	sp|Q9Y490|TLN1_HUMAN
AWYGLGQTYEILK	3	sp|Q9UJX2|CDC23_HUMAN
AYPEVLAQGR	2	sp|Q8N2G8|GHDC_HUMAN
C[+57.0215]C[+57.0215]LTYC[+57.0215]FNKPEDK	3	sp|P62979|RS27A_HUMAN
C[+57.0215]EAVVADVLDK	2	sp|P51659|DHB4_HUMAN
C[+57.0215]FNTLTNSFQPSLLGR	3	sp|P55265|DSRAD_HUMAN
C[+57.0215]ITDPQTGLC[+57.0215]LLPLK	3	sp|Q15149|PLEC_HUMAN
C[+57.0215]LDALAALR	2	sp|Q96KR1|ZFR_HUMAN
C[+57.0215]PLC[+57.0215]QESNFTR	2	sp|Q8WVD3|RN138_HUMAN
DAGYGGISLAVEGPSK	2	sp|O75369|FLNB_HUMAN
DATNVAAAFEEAVR	2	sp|P51151|RAB9A_HUMAN
DC[+57.0215]LNVLNKELLVPLTSSMYVPGK	3	sp|Q99471|PFD5_HUMAN
DC[+57.0215]LTESNLIK	2	sp|P21980|TGM2_HUMAN
DC[+57.0215]QIAHGAAQFLR	2	sp|P30876|RPB2_HUMAN
DDEPVC[+57.0215]GRPLGIR	3	sp|Q9HDC9|APMAP_HUMAN
DDTTLNALNTLHESGYDAGK	3	sp|Q9P2R6|RERE_HUMAN
DDVIVTASNFSSER	2	sp|O00178|GTPB1_HUMAN
DEPIHILNVAIK	2	sp|Q13085|ACACA_HUMAN
DFIHTASISFLTPLR	2	sp|Q9NR46|SHLB2_HUMAN
DGDGTITTK	2	sp|P0DP23|CALM1_HUMAN
DGDGTITTK	2	sp|P0DP24|CALM2_HUMAN
DGDGTITTK	2	sp|P0DP25|CALM3_HUMAN
DGIDDESYEAIFKPVMSK	3	sp|Q13547|HDAC1_HUMAN
DHLVTAYNHLFETK	3	sp|Q00688|FKBP3_HUMAN
DHSPDLYSLELAGLDEIGK	3	sp|O75787|RENR_HUMAN
DHVYLQLHHLPPEQLATR	3	sp|P31040|SDHA_HUMAN
DILVATDVAGR	2	sp|Q9BUQ8|DDX23_HUMAN
DLEALMFDR	2	sp|P36871|PGM1_HUMAN
DLLFQALGR	2	sp|Q9NSD9|SYFB_HUMAN
DMPLLSC[+57.0215]LESLR	2	sp|O60610|DIAP1_HUMAN
DMSPLSETEMALGK	2	sp|P27816|MAP4_HUMAN
DMVC[+57.0215]NMLGLNK	2	sp|Q9ULK4|MED23_HUMAN
DNFQDTLQVVTAHYR	3	sp|P42892|ECE1_HUMAN
DNTSVYHISGK	2	sp|Q9NTJ3|SMC4_HUMAN
DPSASNGGGSPAR	2	sp|O60504|VINEX_HUMAN
DPSQPQQWVSSQVLLC[+57.0215]K	3	sp|Q5SNT2|TM201_HUMAN
DQLESVLEVLHR	2	sp|Q6IQ23|PKHA7_HUMAN
DSDGDGRGDAC[+57.0215]K	2	sp|P07996|TSP1_HUMAN
DSLSVNEFK	2	sp|Q99584|S10AD_HUMAN
DTSFSGLSLEEYK	2	sp|Q9BRT2|UQCC2_HUMAN
DTSVEDALER	2	sp|Q96A35|RM24_HUMAN
DTVVEGLRVSMEVAAAK	2	sp|Q9NRZ7|PLCC_HUMAN
DVEGSTSPQIGDK	2	sp|O75534|CSDE1_HUMAN
DVQNFPAATDEK	2	sp|O60610|DIAP1_HUMAN
DVYLSLLRMYLSPPSIHC[+57.0215]LGPIK	3	sp|Q96JC1|VPS39_HUMAN
EAC[+57.0215]PELDYFVVFSSVSC[+57.0215]GR	3	sp|P49327|FAS_HUMAN
EAEVLLLQQR	2	sp|O60437|PEPL_HUMAN
EAFAIVSVPVSEIR	3	sp|Q14573|ITPR3_HUMAN
EAHAQSIGMNR	3	sp|P25205|MCM3_HUMAN
EANFTVSSMHGDMPQK	3	sp|P38919|IF4A3_HUMAN
EAQNDLEQVLR	2	sp|Q15075|EEA1_HUMAN
EASFEYLQNEGER	2	sp|O00763|ACACB_HUMAN
EASFEYLQNEGER	2	sp|Q13085|ACACA_HUMAN
EATTDFTVDSR	2	sp|O75369|FLNB_HUMAN
EAYPDHTQFEK	3	sp|Q9P016|THYN1_HUMAN
EDEISLEDLIER	2	sp|Q8WU90|ZC3HF_HUMAN
EDEQQQALQDIASR	3	sp|P49916|DNLI3_HUMAN
EDFLNIC[+57.0215]IEPDTISK	2	sp|Q53H12|AGK_HUMAN
EDIPSEK	2	sp|Q15121|PEA15_HUMAN
EDISQGVHISVYR	3	sp|O43395|PRPF3_HUMAN
EEDQATLVEQVK	2	sp|Q96IZ7|RSRC1_HUMAN
EEFAVPENSSVQQFK	2	sp|Q9UHD9|UBQL2_HUMAN
EEFAVPENSSVQQFK	2	sp|Q9UMX0|UBQL1_HUMAN
EEGVFTVTPDTK	3	sp|Q9H5V8|CDCP1_HUMAN
EEIPEEELAEDVEEIDHAER	3	sp|P20020|AT2B1_HUMAN
EELVITPLPSGDVAATFQFR	3	sp|Q969N2|PIGT_HUMAN
EFLVAGGEDFK	3	sp|Q9Y3F4|STRAP_HUMAN
EGNVPNIIIAGPPGTGK	3	sp|P35250|RFC2_HUMAN
EHMDEVC[+57.0215]SSQLLTSVR	3	sp|Q15154|PCM1_HUMAN
EHPDPGSKDPEEDYPK	3	sp|Q9UBL3|ASH2L_HUMAN
EIC[+57.0215]AVSRFC[+57.0215]SNLC[+57.0215]LPK	3	sp|Q00403|TF2B_HUMAN
EISNLNQLIEEFKK	3	sp|Q14789|GOGB1_HUMAN
EKSDDILEEGEK	2	sp|Q7Z2T5|TRM1L_HUMAN
ELAQQIQK	2	sp|P60842|IF4A1_HUMAN
ELAQQIQK	2	sp|Q14240|IF4A2_HUMAN
ELC[+57.0215]GPWPSHQLLTNQLQR	3	sp|Q13769|THOC5_HUMAN
ELDFVSHHVR	3	sp|Q02818|NUCB1_HUMAN
ELEEAMAGER	2	sp|Q03252|LMNB2_HUMAN
ELLEPLFK	2	sp|Q96DZ1|ERLEC_HUMAN
ELLEQQGIDIK	3	sp|O43896|KIF1C_HUMAN
ELSTTLNADEAVTR	2	sp|P34932|HSP74_HUMAN
EMDDGLAEGGPQR	3	sp|Q96GY3|LIN37_HUMAN
ENAGVDPTLAIPMIQK	2	sp|Q92917|GPKOW_HUMAN
ENLELILTQSVENVGVR	3	sp|Q9BYD2|RM09_HUMAN
ENVEGHDLPASEK	3	sp|Q96EN8|MOCOS_HUMAN
EPEVLSTMAIIVNK	2	sp|O14980|XPO1_HUMAN
EPGIAGLMK	2	sp|Q9P016|THYN1_HUMAN
EQDLMC[+57.0215]IKIIDFIYTAK	3	sp|Q9P2J3|KLHL9_HUMAN
EQDLMC[+57.0215]IKIIDFIYTAK	3	sp|Q9P2N7|KLH13_HUMAN
ERDFTSLENTVEER	2	sp|Q07065|CKAP4_HUMAN
ESEFDDEPK	2	sp|Q9Y2W1|TR150_HUMAN
ESENLASGDQPR	2	sp|Q9NXH9|TRM1_HUMAN
ESLEALLQR	2	sp|O94906|PRP6_HUMAN
ESNEEEQVWHFLGK	2	sp|Q9H2U2|IPYR2_HUMAN
ESTTSEQSAR	2	sp|P36542|ATPG_HUMAN
ETADAITK	2	sp|Q00765|REEP5_HUMAN
ETLPNVR	2	sp|Q01658|NC2B_HUMAN
ETSSLQELEAQK	2	sp|Q9UBC2|EP15R_HUMAN
EVC[+57.0215]PSAIDPEDGEK	2	sp|Q9H1Y0|ATG5_HUMAN
EVLPALENNKIIETLTQQLQAK	3	sp|Q9UHV9|PFD2_HUMAN
EVSDFIQDSGQIK	2	sp|O75391|SPAG7_HUMAN
EYEPEMGKVDQSILTGESVSVIK	3	sp|O14983|AT2A1_HUMAN
EYNALVAQGVR	2	sp|Q9H7C9|AAMDC_HUMAN
EYQDLLNVK	2	sp|P07196|NFL_HUMAN
EYQDLLNVK	2	sp|P07197|NFM_HUMAN
EYQDLLNVK	2	sp|P08670|VIME_HUMAN
EYQDLLNVK	2	sp|P12036|NFH_HUMAN
EYQDLLNVK	2	sp|P14136|GFAP_HUMAN
EYQDLLNVK	2	sp|P17661|DESM_HUMAN
EYQDLLNVK	2	sp|Q16352|AINX_HUMAN
FAELVYTGFWHSPEC[+57.0215]EFVR	3	sp|P00966|ASSY_HUMAN
FFPASFPNR	2	sp|Q8TCT9|HM13_HUMAN
FGIQAQMVTTDFQK	2	sp|P49720|PSB3_HUMAN
FGNQADHFLGSLAFAK	3	sp|Q9H488|OFUT1_HUMAN
FLAAGTHLGGTNLDFQMEQYIYK	3	sp|P08865|RSSA_HUMAN
FLELVQLK	2	sp|Q99570|PI3R4_HUMAN
FLENPDLSQTEEK	3	sp|Q9H7H0|MET17_HUMAN
FLIC[+57.0215]TDVAAR	2	sp|Q92499|DDX1_HUMAN
FLLDTNK	2	sp|Q14566|MCM6_HUMAN
FLSAEEYQQKMFSSTDR	3	sp|Q96KG9|SCYL1_HUMAN
FNPETDYLTGTDGKK	3	sp|Q99798|ACON_HUMAN
FSNTGEDWYVLVGVAK	2	sp|Q15393|SF3B3_HUMAN
FSTGTLSNTADAR	2	sp|O75128|COBL_HUMAN
FTITPPTAQVVGVLK	3	sp|P52907|CAZA1_HUMAN
FTLRDEGK	2	sp|P15170|ERF3A_HUMAN
FTLRDEGK	2	sp|Q8IYD1|ERF3B_HUMAN
GAGSIAGASASPK	2	sp|P15924|DESP_HUMAN
GAVGATIGGVAWIGGK	3	sp|Q8WUH6|TM263_HUMAN
GDEC[+57.0215]ILKTIADLELHYQEFIR	3	sp|P15924|DESP_HUMAN
GDSHLNVQVSNFK	2	sp|Q86UE4|LYRIC_HUMAN
GDTPGHATPGHGGATSSAR	3	sp|O75533|SF3B1_HUMAN
GEPLHIINSSNVTDEPLLK	3	sp|Q709C8|VP13C_HUMAN
GFVLYPVK	2	sp|P62487|RPB7_HUMAN
GGAEVQIFAPDVPQMHVIDHTK	3	sp|P0DPI2|GAL3A_HUMAN
GGAVVDEGPTGVK	2	sp|O15427|MOT4_HUMAN
GGTLLSVTGEVEPR	2	sp|P33240|CSTF2_HUMAN
GGTLLSVTGEVEPR	2	sp|Q9H0L4|CSTFT_HUMAN
GILDALLQTAR	2	sp|Q3KQZ1|S2535_HUMAN
GILTVDELLAIR	2	sp|P13473|LAMP2_HUMAN
GIVEFSGK	2	sp|Q15233|NONO_HUMAN
GIYFADMVSK	2	sp|P09874|PARP1_HUMAN
GLGTDEDAIISVLAYR	2	sp|P09525|ANXA4_HUMAN
GLGTDEDSLIEIIC[+57.0215]SR	3	sp|A6NMY6|AXA2L_HUMAN
GLGTDEDSLIEIIC[+57.0215]SR	3	sp|P07355|ANXA2_HUMAN
GNFVPQGWVLPPLPSNDIWATAVK	3	sp|Q8N8D1|PDCD7_HUMAN
GNIIGYSQVDK	2	sp|Q96EN8|MOCOS_HUMAN
GNNVLYISTQK	2	sp|P62312|LSM6_HUMAN
GPPGPESQSR	2	sp|Q9HCD5|NCOA5_HUMAN
GPPHLQIRPPSQDLK	2	sp|Q9UKM7|MA1B1_HUMAN
GPTPEEAIQK	2	sp|Q9BY43|CHM4A_HUMAN
GQGLWVSLKMGFPEIILPGDVR	3	sp|Q9H7D0|DOCK5_HUMAN
GQLEANLLQVLEK	2	sp|Q6KB66|K2C80_HUMAN
GSLAALYDLAVLK	2	sp|Q6P4R8|NFRKB_HUMAN
GTEIGVLAK	2	sp|Q9UIJ7|KAD3_HUMAN
GVQQDEALQLPK	2	sp|Q9Y2Z2|MTO1_HUMAN
HASSGSFLPSANEHLK	3	sp|O76003|GLRX3_HUMAN
HGAEVIDTPVFELKDQGGELLSLR	3	sp|P12081|HARS1_HUMAN
HGLVPFAFVR	2	sp|Q13242|SRSF9_HUMAN
HLAC[+57.0215]LPR	2	sp|P01033|TIMP1_HUMAN
HLATSDMLAAASK	3	sp|Q7Z2K6|ERMP1_HUMAN
HLLVSNVGGDGEEIER	2	sp|O75694|NU155_HUMAN
HLSPYATLTVGDSSHK	2	sp|Q9BSJ8|ESYT1_HUMAN
HMNSAGVLATLR	3	sp|O95861|BPNT1_HUMAN
HNEFDFISGTR	2	sp|O95340|PAPS2_HUMAN
HPSTNSLLR	2	sp|Q9P032|NDUF4_HUMAN
HSC[+57.0215]VESLFLVRVLNSNPPPIIK	3	sp|Q9BTX1|NDC1_HUMAN
HSELLQKNVESFASMLR	3	sp|Q9Y2Q9|RT28_HUMAN
HSFFSTIDWNK	3	sp|P51812|KS6A3_HUMAN
HSQEELLQR	2	sp|Q6P2E9|EDC4_HUMAN
HSVDGESLSSELQQLGLPK	3	sp|Q9H0A8|COMD4_HUMAN
HVGMAVAGLLADAR	2	sp|P25788|PSA3_HUMAN
HVLALTGC[+57.0215]GPGR	3	sp|Q9BTY7|HGH1_HUMAN
HVVAVVLGDVGR	3	sp|Q9BT22|ALG1_HUMAN
HWQEITFNLPVK	2	sp|Q9Y672|ALG6_HUMAN
IADQLEELNK	2	sp|Q99933|BAG1_HUMAN
IAMENDDGRTEEEK	2	sp|Q8WWM7|ATX2L_HUMAN
IAQLEEQLDNETK	2	sp|P35579|MYH9_HUMAN
IASQELGPAVDK	3	sp|Q8TD16|BICD2_HUMAN
IAVSNLHK	2	sp|P23921|RIR1_HUMAN
IDASQTEFEKNVWSFLK	3	sp|O94979|SC31A_HUMAN
IDMC[+57.0215]PANILQETLKK	3	sp|O00178|GTPB1_HUMAN
IDMNLTDLLGELQR	2	sp|Q15436|SC23A_HUMAN
IDMNLTDLLGELQR	2	sp|Q15437|SC23B_HUMAN
IDMNLTDLLGELQR	3	sp|Q15436|SC23A_HUMAN
IDMNLTDLLGELQR	3	sp|Q15437|SC23B_HUMAN
IDTEILPSLFMR	2	sp|Q9Y2X0|MED16_HUMAN
IEEQSQSEK	2	sp|Q9Y5P4|CERT_HUMAN
IEGEGSVLQAK	2	sp|Q14764|MVP_HUMAN
IEYVTVTPEGFR	2	sp|Q7KZ85|SPT6H_HUMAN
IGIPEFK	2	sp|P14384|CBPM_HUMAN
IGLDFC[+57.0215]K	2	sp|O00571|DDX3X_HUMAN
IGLDFC[+57.0215]K	2	sp|O15523|DDX3Y_HUMAN
IIDDSEITK	2	sp|P61326|MGN_HUMAN
IIDDSEITK	2	sp|Q96A72|MGN2_HUMAN
IIVEGGGAVAALQAMK	3	sp|Q6NXE6|ARMC6_HUMAN
ILDNVSLPLVLELPVKLK	3	sp|Q8NB14|UBP38_HUMAN
ILETTTFFQR	2	sp|Q9NYU2|UGGG1_HUMAN
ILHVDNHIGISIAGLTADAR	3	sp|P25786|PSA1_HUMAN
ILQEYITQEGHK	2	sp|Q9BXS5|AP1M1_HUMAN
IMQQETSVPTLK	3	sp|Q7Z417|NUFP2_HUMAN
IMSTPGGEEAIER	2	sp|O60333|KIF1B_HUMAN
IPPC[+57.0215]ISNWK	2	sp|Q13573|SNW1_HUMAN
IPVPQQVAR	2	sp|Q15031|SYLM_HUMAN
IQELENLPGSLAGDLR	2	sp|P51532|SMCA4_HUMAN
IQQLQEILQDLQKR	2	sp|Q9P0K7|RAI14_HUMAN
IQRPPEDSIQPYEK	2	sp|Q16851|UGPA_HUMAN
ISALALLK	2	sp|Q92905|CSN5_HUMAN
ITC[+57.0215]LC[+57.0215]QVPQNAANR	2	sp|P49588|SYAC_HUMAN
ITQNNAMK	2	sp|P09012|SNRPA_HUMAN
IVLELFADIVPK	2	sp|Q08752|PPID_HUMAN
IYIGDDNPLTLIVK	2	sp|P06756|ITAV_HUMAN
IYQIYEGTSQIQR	2	sp|P11310|ACADM_HUMAN
KADC[+57.0215]TITMADSDFLALMTGK	3	sp|P22307|SCP2_HUMAN
KADIDLTK	2	sp|P62269|RS18_HUMAN
KEALLQISIPFLLK	3	sp|Q96TA1|NIBA2_HUMAN
KEDGSEVGVGGAQVTGSNTR	3	sp|Q13618|CUL3_HUMAN
KIEEVETWLK	2	sp|O75943|RAD17_HUMAN
KPQDQLVIER	2	sp|Q8WWI1|LMO7_HUMAN
KPYPDDENLVEVK	3	sp|A6NEC2|PSAL_HUMAN
KPYPDDENLVEVK	3	sp|P55786|PSA_HUMAN
LALNQISQISMK	3	sp|Q96E11|RRFM_HUMAN
LANIDEEMLQK	2	sp|P54136|SYRC_HUMAN
LASTEQTELLASK	2	sp|Q96SN8|CK5P2_HUMAN
LC[+57.0215]GDTSLNNMQR	2	sp|O00410|IPO5_HUMAN
LDQILLNGNNITMLVPGGEGPEV	3	sp|Q9Y4Y9|LSM5_HUMAN
LEELTNR	2	sp|Q16204|CCDC6_HUMAN
LEFPSGETIVMHNPK	3	sp|Q9Y6Y8|S23IP_HUMAN
LEGFHTQISK	2	sp|Q06323|PSME1_HUMAN
LEGHELPADLPPHLVPPSK	3	sp|Q9H4M9|EHD1_HUMAN
LEGIITR	2	sp|Q9UQE7|SMC3_HUMAN
LENTEDIEEVEQHIQTIK	3	sp|Q9NUN5|LMBD1_HUMAN
LENWITSLAESQLQTR	3	sp|P40763|STAT3_HUMAN
LEQEIATYR	2	sp|P02533|K1C14_HUMAN
LEQEIATYR	2	sp|P08727|K1C19_HUMAN
LEQEIATYR	2	sp|P08779|K1C16_HUMAN
LEQEIATYR	2	sp|P13646|K1C13_HUMAN
LEQEIATYR	2	sp|P19012|K1C15_HUMAN
LEQEIATYR	2	sp|P35900|K1C20_HUMAN
LEQEIATYR	2	sp|Q04695|K1C17_HUMAN
LEQEIATYR	2	sp|Q8N1A0|KT222_HUMAN
LESEGSPETLTNLRK	2	sp|Q9P035|HACD3_HUMAN
LFEGNALLR	2	sp|P46781|RS9_HUMAN
LFELLEK	2	sp|O60264|SMCA5_HUMAN
LFELLEK	2	sp|P28370|SMCA1_HUMAN
LFLLEEITSEELK	3	sp|Q659A1|ICE2_HUMAN
LFPSASATEAIQR	2	sp|Q86UT6|NLRX1_HUMAN
LFVLLPEQSPVSYSK	2	sp|Q96K76|UBP47_HUMAN
LGQHVVGMAPLSVGSLDDEPGGEAETK	3	sp|P43897|EFTS_HUMAN
LIDEVIEDTR	2	sp|Q9NZM1|MYOF_HUMAN
LIDFLESGK	2	sp|Q92841|DDX17_HUMAN
LIIVEGC[+57.0215]QR	2	sp|P05023|AT1A1_HUMAN
LIIVEGC[+57.0215]QR	2	sp|P13637|AT1A3_HUMAN
LIIVEGC[+57.0215]QR	2	sp|P50993|AT1A2_HUMAN
LIIVEGC[+57.0215]QR	2	sp|P54707|AT12A_HUMAN
LIIVEGC[+57.0215]QR	2	sp|Q13733|AT1A4_HUMAN
LISLLNEK	2	sp|Q9NZM1|MYOF_HUMAN
LLAELPASVHALTGVDLSK	3	sp|Q14254|FLOT2_HUMAN
LLANMVYQYK	3	sp|P28074|PSB5_HUMAN
LLDWLVDRWQSLVLTIR	3	sp|Q96JB5|CK5P3_HUMAN
LLGPGPAADFSVSVER	3	sp|P54802|ANAG_HUMAN
LLGSLYALGIPK	3	sp|Q969Z0|FAKD4_HUMAN
LLLEQAANEIWESIK	2	sp|O95352|ATG7_HUMAN
LLQESYK	2	sp|P50748|KNTC1_HUMAN
LLSPSILKPFPLWTGK	2	sp|O95602|RPA1_HUMAN
LLVVTDPR	2	sp|A0A8I5KQE6|RPSA2_HUMAN
LLVVTDPR	2	sp|P08865|RSSA_HUMAN
LMAFTLQDLVC[+57.0215]LK	2	sp|Q07864|DPOE1_HUMAN
LNQDVLLVNESK	2	sp|Q9UPZ3|HPS5_HUMAN
LNQIMVGTGNGLAK	2	sp|Q9NW82|WDR70_HUMAN
LPEAGSLWLLK	3	sp|Q13470|TNK1_HUMAN
LPEEPITR	2	sp|Q9BYD2|RM09_HUMAN
LPGEAPVIQR	2	sp|Q92538|GBF1_HUMAN
LPLATIVKDLVAQAPLK	2	sp|O94776|MTA2_HUMAN
LPLWQQAC[+57.0215]ADPSK	2	sp|Q9UQB8|BAIP2_HUMAN
LPNVPSSSLPAQPNR	2	sp|Q96CF2|CHM4C_HUMAN
LPPVLANLMGSMGAGK	3	sp|Q96QC0|PP1RA_HUMAN
LPQTSDDEK	2	sp|Q9GZT3|SLIRP_HUMAN
LPVDLAEELGHR	3	sp|P42771|CDN2A_HUMAN
LQESPC[+57.0215]IFALTPR	2	sp|Q8N2W9|PIAS4_HUMAN
LQQTQNQVDEVVDIMR	3	sp|Q15836|VAMP3_HUMAN
LQVLSLSHC[+57.0215]ELITDDGIR	3	sp|Q96IG2|FXL20_HUMAN
LQWFEQQAK	2	sp|Q969S3|ZN622_HUMAN
LSDQFHDILIR	3	sp|O75340|PDCD6_HUMAN
LSGLEQPQGALQTR	2	sp|Q6RFH5|WDR74_HUMAN
LSLDGQNIYNAC[+57.0215]C[+57.0215]TLR	3	sp|P26599|PTBP1_HUMAN
LSTGC[+57.0215]TGTLVAEK	2	sp|O95084|PRS23_HUMAN
LTDC[+57.0215]VVMRDPASK	3	sp|P22626|ROA2_HUMAN
LTIIPQDPILFSGSLR	2	sp|Q92887|MRP2_HUMAN
LVAAGSYQR	2	sp|Q6P1K2|PMF1_HUMAN
LVAIVDPHIK	2	sp|Q14697|GANAB_HUMAN
LVEVIPEGAMLR	3	sp|Q5VV42|CDKAL_HUMAN
LVHSAVDVPTIQEK	2	sp|Q15326|ZMY11_HUMAN
LVTPHGESEQIGVIPSK	2	sp|Q92796|DLG3_HUMAN
LWNLLMPTKGLLLDC[+57.0215]NVALTLK	3	sp|Q8IZ81|ELMD2_HUMAN
LWSPDEEVSPEVLAK	3	sp|Q29RF7|PDS5A_HUMAN
MELLAHLLGEK	2	sp|Q9Y2Q3|GSTK1_HUMAN
MFTSMDPPPVELIR	2	sp|Q8IXH7|NELFD_HUMAN
MLEQLDMR	2	sp|O00148|DX39A_HUMAN
MLEQLDMR	2	sp|Q13838|DX39B_HUMAN
MQEQQADLQRER	2	sp|Q14203|DCTN1_HUMAN
MSDGLFLQK	2	sp|P50213|IDH3A_HUMAN
MSPLSIVTALVDK	3	sp|Q9Y305|ACOT9_HUMAN
MSSPETDEEIEK	3	sp|Q6UWZ7|ABRX1_HUMAN
MVNHFIAEFK	3	sp|P11142|HSP7C_HUMAN
NEDLTELLNGMDEELDSPEELGK	3	sp|Q12955|ANK3_HUMAN
NELFDAAK	2	sp|Q7L2E3|DHX30_HUMAN
NESSPAPPDSDADK	3	sp|Q8ND04|SMG8_HUMAN
NEVSFVIHNLPIIAK	3	sp|Q99611|SPS2_HUMAN
NFRPDDPTR	2	sp|P50570|DYN2_HUMAN
NFVDSPIIVDITK	2	sp|P04062|GBA1_HUMAN
NFYVEHPEVAR	3	sp|Q92841|DDX17_HUMAN
NIEIDSPYEISR	3	sp|P04843|RPN1_HUMAN
NILSVVGTDALK	3	sp|O43172|PRP4_HUMAN
NKPNMSDPEESR	2	sp|Q15021|CND1_HUMAN
NLQEILHGAVR	2	sp|P00533|EGFR_HUMAN
NPLPPSVGVVDKK	3	sp|Q8NC51|SERB1_HUMAN
NPVLQQVLEGR	2	sp|O60443|GSDME_HUMAN
NSEPEEVIPSR	2	sp|P54577|SYYC_HUMAN
NSSNTSVGSPSNTIGR	2	sp|Q7Z460|CLAP1_HUMAN
NTLFNLSNFLDK	3	sp|O60641|AP180_HUMAN
NTLFNLSNFLDK	3	sp|Q13492|PICAL_HUMAN
NTPASASLEGLAQTAGR	3	sp|Q96Q45|TM237_HUMAN
NVTLNPDPNEIK	3	sp|Q13907|IDI1_HUMAN
NYLPLLEPVKPEPK	3	sp|Q9P2N5|RBM27_HUMAN
PAGLLFQQPDLDSALQIAR	3	sp|O95359|TACC2_HUMAN
PENLLFTDENDNLEIK	3	sp|O75582|KS6A5_HUMAN
PESEELTAER	2	sp|P07237|PDIA1_HUMAN
PFLNSISK	2	sp|O00231|PSD11_HUMAN
PFSVDFFR	2	sp|Q9NYH9|UTP6_HUMAN
PGFSIADK	2	sp|P62913|RL11_HUMAN
PGPELGGEFPVQDLK	2	sp|Q8WXG6|MADD_HUMAN
PGVAVAC[+57.0215]C[+57.0215]WLLTVVLR	3	sp|P56199|ITA1_HUMAN
PHSVSLNDTETR	2	sp|Q9P0L0|VAPA_HUMAN
PNMVTPGHAC[+57.0215]TQK	3	sp|P04075|ALDOA_HUMAN
PPNLLLVAGGTVLK	2	sp|O43318|M3K7_HUMAN
PSTPGLSVVSGISATSEDIPNK	3	sp|Q14C86|GAPD1_HUMAN
PVHLTAFLGYK	2	sp|P39023|RL3_HUMAN
PVHLTAFLGYK	2	sp|Q92901|RL3L_HUMAN
PVIC[+57.0215]SLAAIIK	2	sp|P20585|MSH3_HUMAN
PVTVEPMDQLDDEEGLPEK	3	sp|Q15233|NONO_HUMAN
QAGLLAVMAQMGC[+57.0215]YVPAEVC[+57.0215]R	3	sp|P52701|MSH6_HUMAN
QC[+57.0215]IHQLC[+57.0215]FTSLR	3	sp|Q13361|MFAP5_HUMAN
QEELTPLGVHLAR	3	sp|Q9H2U1|DHX36_HUMAN
QFESLPATHIR	2	sp|O94776|MTA2_HUMAN
QHLEETTQK	2	sp|P12270|TPR_HUMAN
QHLENDPGSNEDTDIPK	3	sp|O43396|TXNL1_HUMAN
QILIAC[+57.0215]SPVSSVR	2	sp|Q5QJE6|TDIF2_HUMAN
QLEMILNKPGLK	2	sp|P17516|AK1C4_HUMAN
QLEMILNKPGLK	2	sp|P42330|AK1C3_HUMAN
QLEMILNKPGLK	2	sp|Q04828|AK1C1_HUMAN
QLQLYEIHGAQK	2	sp|Q05209|PTN12_HUMAN
QLQPAPPLAPQGR	3	sp|Q9Y4H2|IRS2_HUMAN
QLSSSVTGLTNIEEENC[+57.0215]QR	3	sp|P46940|IQGA1_HUMAN
QLVNMC[+57.0215]INPDPEK	3	sp|Q8TDX7|NEK7_HUMAN
QNEDIEPTSSR	3	sp|Q9NW82|WDR70_HUMAN
QNGTVVGTDIAELLLR	2	sp|O15027|SC16A_HUMAN
QPAENVNQYLTDPK	2	sp|P22314|UBA1_HUMAN
QPVESTSAKLEATAASSVK	3	sp|Q9NQW6|ANLN_HUMAN
QQQQQQQHQQPNR	2	sp|Q6Y7W6|GGYF2_HUMAN
QREEITAIVK	2	sp|Q96P48|ARAP1_HUMAN
QSGYGGQTK	2	sp|P83881|RL36A_HUMAN
QSGYGGQTK	2	sp|Q969Q0|RL36L_HUMAN
QSMAFSILNTPK	2	sp|Q14980|NUMA1_HUMAN
QTSDGNWLMVHR	3	sp|O75131|CPNE3_HUMAN
QVVEEPSPQLPADK	2	sp|P52564|MP2K6_HUMAN
RHATAEEVEEEER	2	sp|Q8TDN6|BRX1_HUMAN
RLEEPEEPK	2	sp|O75822|EIF3J_HUMAN
RLPVMMDEALSYLEK	3	sp|Q9Y673|ALG5_HUMAN
RSENEEFVEVGR	3	sp|P10644|KAP0_HUMAN
RVESQLK	2	sp|P00505|AATM_HUMAN
SDHLIQTDTVNLHR	2	sp|P51151|RAB9A_HUMAN
SDVQIHVPTFTFR	3	sp|O75569|PRKRA_HUMAN
SDYLNTFEFMDK	2	sp|O75874|IDHC_HUMAN
SEAASPALPVITK	3	sp|Q99958|FOXC2_HUMAN
SEDEPPAASASAAPPPQR	2	sp|Q96IZ0|PAWR_HUMAN
SEIEVISEPPEEK	2	sp|O75044|SRGP2_HUMAN
SFDVNKPGC[+57.0215]EVDDLK	3	sp|P41091|IF2G_HUMAN
SFDVNKPGC[+57.0215]EVDDLK	3	sp|Q2VIR3|IF2GL_HUMAN
SGLEELVLSEMNSPSR	3	sp|Q4V328|GRAP1_HUMAN
SGLLVLTTPLASLAPR	2	sp|Q13057|COASY_HUMAN
SGSALELSVENVK	2	sp|O75688|PPM1B_HUMAN
SHILEDDENSVDISMLK	3	sp|O75717|WDHD1_HUMAN
SHSLSQHTATSSK	2	sp|P49790|NU153_HUMAN
SHTEEDC[+57.0215]TEELFDFLHAR	3	sp|P07919|QCR6_HUMAN
SIATDVLLGLLK	2	sp|Q7L7V1|DHX32_HUMAN
SIIGMGTGAGAYILTR	2	sp|Q92597|NDRG1_HUMAN
SLPAEINRFLPEFPSC[+57.0215]SLLK	3	sp|Q9H9A6|LRC40_HUMAN
SLPSAVYC[+57.0215]IEDK	3	sp|O43290|SNUT1_HUMAN
SLVALLVETQMK	2	sp|Q8TAQ2|SMRC2_HUMAN
SLVALLVETQMK	2	sp|Q92922|SMRC1_HUMAN
SNILLLGPTGSGK	2	sp|O76031|CLPX_HUMAN
SPGEPGGAAPER	2	sp|Q96EB6|SIR1_HUMAN
SQGSQAELHPLPQLK	3	sp|Q15172|2A5A_HUMAN
SQIYGSR	2	sp|P12956|XRCC6_HUMAN
SQLIMQAEAEAASVR	2	sp|O75955|FLOT1_HUMAN
SQNTELASTASLLR	3	sp|P17535|JUND_HUMAN
SQPDPVDTPTSSKPQSK	2	sp|P46013|KI67_HUMAN
SQTEAVTFLANHDDSR	3	sp|Q9Y2S7|PDIP2_HUMAN
SSGPTSLFAVTVAPPGAR	3	sp|Q00839|HNRPU_HUMAN
SSPDLTGVVHIYEELK	3	sp|Q6ZVM7|TM1L2_HUMAN
SSPLLNYNTGVYR	2	sp|Q5T0W9|FA83B_HUMAN
SSTPTTIFPIR	2	sp|Q86W42|THOC6_HUMAN
STFVNILK	2	sp|P27707|DCK_HUMAN
STLMDTLFNTK	2	sp|Q14141|SEPT6_HUMAN
STLMDTLFNTK	2	sp|Q9NVA2|SEP11_HUMAN
STLPGSTTSNK	2	sp|Q9UPQ9|TNR6B_HUMAN
STTTGHLIYK	2	sp|P68104|EF1A1_HUMAN
STTTGHLIYK	2	sp|Q05639|EF1A2_HUMAN
STTTGHLIYK	2	sp|Q5VTE0|EF1A3_HUMAN
SVAHGQAPEMPLVK	3	sp|Q1ED39|KNOP1_HUMAN
SYFPYLMAVLTPK	3	sp|Q6UX53|TMT1B_HUMAN
SYLYFTQFK	2	sp|Q969H8|MYDGF_HUMAN
SYMAPER	2	sp|P36507|MP2K2_HUMAN
SYSSGGEDGYVR	2	sp|Q13347|EIF3I_HUMAN
TADDPSLSLIK	2	sp|P39656|OST48_HUMAN
TAGDGWFGMK	2	sp|Q5QJE6|TDIF2_HUMAN
TASEGDGGAAAGAAAAGAR	2	sp|Q9Y4H2|IRS2_HUMAN
TDSFVPR	2	sp|Q14573|ITPR3_HUMAN
TFQAFELKPLR	3	sp|O60293|ZC3H1_HUMAN
THQPSDEVGTSIEHPR	3	sp|Q99575|POP1_HUMAN
TIILFTK	2	sp|Q9UI26|IPO11_HUMAN
TILSLMTR	2	sp|P53396|ACLY_HUMAN
TIVITSHPGQIVK	2	sp|P31689|DNJA1_HUMAN
TKPMLETEVLDNDGGGLATIFEP	3	sp|Q9HAV4|XPO5_HUMAN
TLAAEMQELR	2	sp|Q8N163|CCAR2_HUMAN
TLQIFNIEMK	2	sp|P53675|CLH2_HUMAN
TLQIFNIEMK	2	sp|Q00610|CLH1_HUMAN
TLSTSDDVEDRENEK	2	sp|Q96A65|EXOC4_HUMAN
TNGDSQQPSSSGLASSK	2	sp|Q9UKX7|NUP50_HUMAN
TPDGTENGDFLALDLGGTNFR	3	sp|P19367|HXK1_HUMAN
TPIFLNEVLVKAASEQYIDTEK	3	sp|Q9NZM3|ITSN2_HUMAN
TQFPSLDIEVDGGVGPDTVHK	3	sp|Q96AT9|RPE_HUMAN
TSPQEGER	2	sp|P78527|PRKDC_HUMAN
TVDSQGPTPVC[+57.0215]TPTFLER	3	sp|Q9BYG3|MK67I_HUMAN
TVEFLQEYIVNR	2	sp|O43823|AKAP8_HUMAN
TVLGSSENALGVC[+57.0215]SDTAAPLAAVDLK	3	sp|P16066|ANPRA_HUMAN
TVSGVNGPLVILDHVK	3	sp|P21281|VATB2_HUMAN
TVTPALSSNVLPR	3	sp|Q9C0E8|LNP_HUMAN
TWYPEVPK	2	sp|P04003|C4BPA_HUMAN
TYDLLFK	2	sp|P61026|RAB10_HUMAN
VAC[+57.0215]C[+57.0215]PLER	2	sp|Q15021|CND1_HUMAN
VAEELALEQAK	2	sp|Q9NX63|MIC19_HUMAN
VATLNSEEESDPPTYK	2	sp|Q00341|VIGLN_HUMAN
VAYGGTGDAATR	2	sp|P30838|AL3A1_HUMAN
VC[+57.0215]GHTYEEDAIVR	2	sp|Q96MF7|NSE2_HUMAN
VDAQFGGIDQR	2	sp|P54577|SYYC_HUMAN
VDIDVPDVNLEAPEGK	2	sp|Q09666|AHNK_HUMAN
VDLQSLPTR	2	sp|Q9C005|DPY30_HUMAN
VESTDVSDLLHQYR	2	sp|P28062|PSB8_HUMAN
VFNELLVLLPDTAK	3	sp|Q86UK7|ZN598_HUMAN
VGDQILLAIK	2	sp|Q6P1L8|RM14_HUMAN
VGPAVELALAQVKAR	3	sp|P16066|ANPRA_HUMAN
VGTEC[+57.0215]GNQK	2	sp|P21333|FLNA_HUMAN
VHQLYETIQR	2	sp|Q13561|DCTN2_HUMAN
VKPLQDQNELFGK	2	sp|Q12874|SF3A3_HUMAN
VLC[+57.0215]GGDIYVPEDPK	2	sp|P49189|AL9A1_HUMAN
VLPANSMAESR	2	sp|P23634|AT2B4_HUMAN
VLQEALC[+57.0215]VISGVPGLK	2	sp|Q92616|GCN1_HUMAN
VLWIPAC[+57.0215]PL	2	sp|Q8TDM6|DLG5_HUMAN
VLYAYGYYTGEPSK	2	sp|O14880|MGST3_HUMAN
VMETQAQVDELK	3	sp|P51809|VAMP7_HUMAN
VMIWDDLK	2	sp|Q5MNZ6|WIPI3_HUMAN
VMPAPPPK	2	sp|P23588|IF4B_HUMAN
VMVLDFVTPTPLGTR	3	sp|Q16881|TRXR1_HUMAN
VNDFLAEIFKK	3	sp|Q14008|CKAP5_HUMAN
VQAWYMDDAPGDPR	2	sp|Q9BV57|MTND_HUMAN
VTEGQQER	2	sp|Q13263|TIF1B_HUMAN
VTMINAIPVASLDPIK	3	sp|Q9Y5B9|SP16H_HUMAN
VTPPAVTGSPEFER	2	sp|Q99735|MGST2_HUMAN
VVAC[+57.0215]TSAFLLWDPTK	3	sp|P30043|BLVRB_HUMAN
VVEQMC[+57.0215]ITQYERESQAYYQR	3	sp|P04156|PRIO_HUMAN
VVNGAAASQPPSK	2	sp|O75533|SF3B1_HUMAN
VVNSETPVVVDFHAQWC[+57.0215]GPC[+57.0215]K	3	sp|Q99757|THIOM_HUMAN
VVQVYADTQEINLK	3	sp|Q9UPN9|TRI33_HUMAN
VVVC[+57.0215]DNGTGFVK	3	sp|P61160|ARP2_HUMAN
WLAPDGLIFPDR	2	sp|Q99873|ANM1_HUMAN
WLLLC[+57.0215]NPGLAELIAEK	3	sp|P06737|PYGL_HUMAN
WNENVQYLSEDR	2	sp|O43929|ORC4_HUMAN
WQPTASEPVK	2	sp|Q49A26|GLYR1_HUMAN
WSNAGELMELIR	2	sp|P49770|EI2BB_HUMAN
YDNEAIGLWLPLTK	3	sp|Q9Y4C1|KDM3A_HUMAN
YEDEINK	2	sp|O95678|K2C75_HUMAN
YEDEINK	2	sp|P02538|K2C6A_HUMAN
YEDEINK	2	sp|P04259|K2C6B_HUMAN
YEDEINK	2	sp|P04264|K2C1_HUMAN
YEDEINK	2	sp|P05787|K2C8_HUMAN
YEDEINK	2	sp|P12035|K2C3_HUMAN
YEDEINK	2	sp|P13647|K2C5_HUMAN
YEDEINK	2	sp|P35908|K22E_HUMAN
YEDEINK	2	sp|P48668|K2C6C_HUMAN
YEDEINK	2	sp|Q01546|K22O_HUMAN
YEDEINK	2	sp|Q5XKE5|K2C79_HUMAN
YEDEINK	2	sp|Q7Z794|K2C1B_HUMAN
YEELFPAFSDSR	2	sp|P54920|SNAA_HUMAN
YGGQPVPNFPSK	2	sp|P21333|FLNA_HUMAN
YIFTMLSTLARLLFPAVDDNLLK	3	sp|Q02880|TOP2B_HUMAN
YIGTGHADTTKWEWLVNQHR	3	sp|Q9BWJ5|SF3B5_HUMAN
YITQNGDYQLR	3	sp|Q9BXS5|AP1M1_HUMAN
YLAVESPFLK	2	sp|P50416|CPT1A_HUMAN
YNVLGAETVLNQMR	2	sp|Q1KMD3|HNRL2_HUMAN
YPC[+57.0215]VLDLKC[+57.0215]EQSTSATLGVR	3	sp|Q92551|IP6K1_HUMAN
YYFEGIK	2	sp|O95433|AHSA1_HUMAN
