AboutDlg,TestMiscForms
AlertDlg,TestLiveReportsFilter
AddIrtCalculatorDlg,IrtFunctionalTest
AddIrtPeptidesDlg,IrtFunctionalTest
AddIrtSpectralLibrary,TestIrtTutorial
AddIrtStandardsDlg,IrtFunctionalTest
AddIrtStandardsToDocumentDlg,TestAddLibrary
AddModificationsDlg,TestLibraryExplorer
AddOptimizationLibraryDlg,TestOptimization
AddOptimizationsDlg,TestOptimization
AddPathsDlg,TestLibraryBuild
AddPeakCompareDlg,TestPeakBoundaryCompare
AddRetentionTimePredictorDlg,TestAddLibrary
AlertLinkDlg,TestMiscForms
AlignmentForm,TestRetentionTimeAlignment
AllChromatogramsGraph,*
AreaChartPropertyDlg,TestEditDialogs
AreaCVToolbarProperties,TestAreaCVHistograms
AreaGraphController,TestEditDialogs
ArrangeGraphsGroupedDlg,TestManageResults
AssociateProteinsDlg,TestAssociateProteins
AuditLogForm,*
AuditLogExtraInfoForm,TestAuditLogSaving
LongOperationRunner.BackgroundThreadLongWaitDlg,*
BuildBackgroundProteomeDlg,TestBackgroundProteome
BuildLibraryDlg.PropertiesPage,TestFullScanId
BuildLibraryDlg.FilesPage,TestFullScanId
BuildLibraryDlg.LearningPage,*
BuildLibraryNotification,*
CalculateIsolationSchemeDlg,TestCalculateIsolationWindows
CalibrateIrtDlg,IrtFunctionalTest
CalibrationForm,TestCalibration
CalibrationCurveOptionsDlg,TestCalibration
CandidatePeakForm,TestCandidatePeaks
ChangeIrtPeptidesDlg,IrtFunctionalTest
ChooseFormatDlg,TestGroupComparisonPivotEditor
ChooseIrtStandardPeptidesDlg,TestAssayLibraryImport
ChooseSchedulingReplicatesDlg,TestRetentionTimeFilter
ChromatogramRTThresholdDlg,TestEditDialogs
ChromChartPropertyDlg,TestPeakPickingTutorial
ClusteringEditor,TestListClustering
ColumnChooser,TestStandardTypeWithOldReports
ComparePeakPickingDlg,TestPeakBoundaryCompare
ConfigureToolsDlg,TestQuasarTutorial
CreateIrtCalculatorDlg,TestAssayLibraryImport
CreateMatchExpressionDlg,TestVolcanoPlotFormatting
DataboundGraph,*
DefineAnnotationDlg,TestAnnotations
DiaIsolationWindowsGraphForm,TestIsolationScheme
DocumentationViewer,TestStandardType
DocumentChangeLogEntryDlg,TestAuditLogSaving
DocumentGridForm,TestReportSummary
DocumentSettingsDlg,TestAnnotations
EditCEDlg,TestOptimization
EditCoVDlg,TestOptimization
EditCustomMoleculeDlg,TestEditCustomMoleculeDlg
EditCustomThemeDlg, TestEditCustomTheme
EditDPDlg,TestEditDialogs
EditEnzymeDlg,TestEditSettingsTypes
EditExclusionDlg,TestEditDialogs
EditFragmentLossDlg,TestNeutralLoss
EditGroupComparisonDlg,TestGroupComparison
EditIonMobilityLibraryDlg,TestIonMobility
EditIrtCalcDlg,TestRetentionTimeFilter
EditIsolationSchemeDlg,TestCalculateIsolationWindows
EditIsotopeEnrichmentDlg,TestEditDialogs
EditLabelTypeListDlg,TestExplicitMultiType
EditLibraryDlg,TestRetentionTimeAlignment
EditLinkedPeptidesDlg,TestCrosslinking
EditListDlg`2,TestEditStaticMod
EditMeasuredIonDlg,TestEditDialogs
EditNoteDlg,TestEditNote
EditOptimizationLibraryDlg,TestOptimization
EditPeakScoringModelDlg.ModelTab,TestPeakScoringModel
EditPeakScoringModelDlg.FeaturesTab,TestPeakPickingTutorial
EditPeakScoringModelDlg.PvalueTab,TestPeakPickingTutorial
EditPeakScoringModelDlg.QvalueTab,TestPeakPickingTutorial
EditPepModsDlg,TestExplicitVariable
EditRemoteAccountDlg,TestUnifi
EditRTDlg,TestRetentionTimeFilter
EditServerDlg,TestAccessServer
EditSpectrumFilterDlg,TestEditSpectrumFilter
EditStaticModDlg.IsotopeModView,TestEditStaticMod
EditStaticModDlg.StructuralModView,TestEditStaticMod
EmptyProteinsDlg,TestImportPeptideSearch
EncyclopeDiaSearchDlg.FastaPage,TestEncyclopeDiaSearchTutorial
EncyclopeDiaSearchDlg.KoinaPage,TestEncyclopeDiaSearchTutorial
EncyclopeDiaSearchDlg.NarrowWindowPage,TestEncyclopeDiaSearchTutorial
EncyclopeDiaSearchDlg.WideWindowPage,TestEncyclopeDiaSearchTutorial
EncyclopeDiaSearchDlg.SearchSettingsPage,TestEncyclopeDiaSearchTutorial
EncyclopeDiaSearchDlg.RunPage,TestEncyclopeDiaSearchTutorial
ExportAnnotationsDlg,TestExportAnnotations
ExportChromatogramDlg,TestExportChromatogram
ExportLiveReportDlg,TestReportSummary
ExportMethodDlg.IsolationListView,TestExportDiaList
ExportMethodDlg.MethodView,TestExportDiaList
ExportMethodDlg.TransitionListView,TestExportMethodDlg
ExportMethodScheduleGraph,TestExportMethodDlg
FilterMatchedPeptidesDlg,TestInsert
FilterMidasLibraryDlg,TestMidas
FindColumnDlg,TestFindColumn
FindNodeDlg,TestCustomReportsTutorial
FindResultsForm,TestPeakPickingTutorial
FoldChangeGrid,TestGroupComparison
FoldChangeBarGraph,TestGroupComparison
FoldChangeVolcanoPlot,TestGroupComparisonVolcanoPlot
GenerateDecoysDlg,TestPeakPickingTutorial
GraphChromatogram,TestCustomReportsTutorial
GraphFullScan,TestFullScanGraph
GraphRegression,TestOptimization
GraphSpectrum,TestMs1Tutorial
GraphSummary.AreaGraphView,*
GraphSummary.RTGraphView,*
GraphSummary.DetectionsGraphView,*
HeatMapGraph,TestClusteredHeatMap
ImmediateWindow,ImmediateWindowTestMethod
ImportDocResultsDlg,TestImportDoc
ImportIonMobilityFromSpectralLibraryDlg,TestIonMobility
ImportPeptideSearchDlg.SpectraPage,TestMs1Tutorial
ImportPeptideSearchDlg.ChromatogramsPage,TestMs1Tutorial
ImportPeptideSearchDlg.ChromatogramsDiaPage,TestDiaTutorial
ImportPeptideSearchDlg.MatchModsPage,TestMs1Tutorial
ImportPeptideSearchDlg.Ms1FullScanPage,TestMs1Tutorial
ImportPeptideSearchDlg.Ms2FullScanPage,TestTargetedMSMSTutorial
ImportPeptideSearchDlg.ImsFullScanPage,TestDiaPasefTutorial
ImportPeptideSearchDlg.TransitionSettingsPage,TestTargetedMSMSTutorial
ImportPeptideSearchDlg.FastaPage,TestMs1Tutorial
ImportPeptideSearchDlg.ConverterSettingsPage,TestDiaSearchVariableWindows
ImportPeptideSearchDlg.DDASearchSettingsPage,TestDdaSearch
ImportPeptideSearchDlg.DDASearchPage,TestDdaSearch
MsFraggerDownloadDlg,TestDdaSearchMsFragger
ImportResultsDlg,TestRetentionTimeAlignment
ImportResultsNameDlg,TestOptimization
ImportResultsLockMassDlg,WatersLockmassPerfTest
ImportResultsRetryCountdownDlg,TestMiscForms
ImportResultsSamplesDlg,TestExistingExperimentsTutorial
ImportTransitionListErrorDlg,TestExistingExperimentsTutorial
ListDesigner,TestListDesigner
ListGridForm,TestListDesigner
LiveResultsGrid,TestAnnotations
LKContainerBrowser,TestPanoramaClient
LocateFileDlg,TestInstallTools
LongWaitDlg,TestLongWait
ManageLayoutsForm,TestPivotEditor
ManageResultsDlg,TestManageLibraryRuns
ManageViewsForm,TestCustomReportsTutorial
MassErrorChartPropertyDlg,TestMassErrorGraphs
MatchExpressionListDlg,TestVolcanoPlotFormatting
MessageDlg,ImmediateWindowTestMethod
MetadataRuleSetEditor,TestMetadataRules
MetadataRuleEditor,TestMetadataRules
MinimizeResultsDlg,TestMs1Tutorial
MissingFileDlg,TestSynchSiblings
MProphetFeaturesDlg,TestPeakPickingTutorial
MultiButtonMsgDlg,TestShareSettings
NameLayoutForm,TestPivotEditor
NoModeUIDlg,UIModeSettingsTest
OpenDataSourceDialog,TestRetentionTimeAlignment
PanoramaFilePicker, TestPanorama
PanoramaDirectoryPicker, TestPanorama
PasteDlg.FastaTab,ProteinMetadataFunctionalTests
PasteDlg.PeptideListTab,TestMethodEditTutorial
PasteDlg.ProteinListTab,TestMethodEditTutorial
InsertTransitionListDlg,TestExistingExperimentsTutorial
PasteFilteredPeptidesDlg,TestLibraryBuild
PasteTypeDlg,TestExplicitMultiType
PathChooserDlg,TestStartPageShowPathChooser
PcaPlot,TestClusteredHeatMap
PeptideSettingsUI.DigestionTab,TestMethodEditTutorial
PeptideSettingsUI.FilterTab,TestEditDialogs
PeptideSettingsUI.LibraryTab,TestMethodEditTutorial
PeptideSettingsUI.ModificationsTab,TestNeutralLoss
PeptideSettingsUI.LabelsTab,UIModeSettingsTest
PeptideSettingsUI.PredictionTab,IrtFunctionalTest
PeptideSettingsUI.QuantificationTab,TestCalibration
PermuteIsotopeModificationsDlg,TestModificationPermuter
PivotEditor,TestPivotEditor
PopupPickList,TestPrecursorIon
PublishDocumentDlg,TestAccessServer
PythonInstaller,TestPythonInstaller
QuickFilterForm,TestLiveReportsFilter
RefineDlg.ConsistencyTab,TestMethodRefinementTutorial
RefineDlg.DocumentTab,TestMethodEditTutorial
RefineDlg.ResultsTab,TestMethodRefinementTutorial
RefineListDlg,TestRefineListDlg
RefineProteinListDlg,TestRefineProteinListDlg
RegressionRTThresholdDlg,TestIrtTutorial
ReintegrateDlg,TestReintegrateDlg
RenameProteinsDlg,TestRenameProteins
RenameResultDlg,TestManageResults
ReportErrorDlg,TestReportErrorDlg
DetailedReportErrorDlg,TestReportErrorDlg
ReportShutdownDlg,TestMiscForms
RescoreResultsDlg,TestManageResults
RTGraphController,TestEditDialogs
RInstaller,TestRInstaller
RTChartPropertyDlg,TestEditDialogs
RTDetails,IrtFunctionalTest
SaveSettingsDlg,TestShareSettings
SchedulingGraphPropertyDlg,TestIrtTutorial
SchedulingOptionsDlg,TestExportIsolationList
SelectIrtStandardDlg,TestLibraryBuild
SequenceTreeForm,*
ShareListDlg`2,TestShareSettings
ShareTypeDlg,TestDocumentSharing
ShareResultsFilesDlg,TestDocumentSharing
SkylineWindow,*
SpectrumGridForm,TestSpectrumGrid
SpectrumChartPropertyDlg,TestMs1Tutorial
SpectrumLibraryInfoDlg,TestManageLibraryRuns
StartPage.WizardTab,TestStartPageOpenRecent
StartPage.TutorialTab,TestStartPageCheckActionBoxes
StartPageSettingsUI,TestStartPageImport
StatementCompletionForm,TestBackgroundProteome
SynchronizedIntegrationDlg,TestSynchronizedIntegration
BackgroundEventThreadsTestForm,TestBackgroundEventThreads
TestPanoramaFolderBrowser, TestPanoramaClient
ToolOptionsUI,TestAccessServer
ToolOptionsUI.PanoramaTab,TestAccessServer
ToolOptionsUI.RemoteTab,TestAccessServer
ToolOptionsUI.LanguageTab,TestAccessServer
ToolOptionsUI.MiscellaneousTab,TestAccessServer
ToolOptionsUI.DisplayTab,TestAccessServer
ToolOptionsUI.KoinaTab,TestAccessServer
ToolStoreDlg,TestToolStore
ToolUpdatesDlg,TestToolUpdates
TransitionSettingsUI.FilterTab,TestMethodEditTutorial
TransitionSettingsUI.FullScanTab,TestExportDiaList
TransitionSettingsUI.InstrumentTab,TestExistingExperimentsTutorial
TransitionSettingsUI.IonMobilityTab,TestDriftTimePredictorTutorial
TransitionSettingsUI.LibraryTab,TestMethodEditTutorial
TransitionSettingsUI.PredictionTab,TestMethodEditTutorial
UndoRedoList,*
UniquePeptidesDlg,TestMethodEditTutorial
UpgradeDlg,UpgradeBasicFunctionalTest
UpgradeLicenseDlg,TestMiscForms
UseCurrentCalculatorDlg,IrtFunctionalTest
ViewEditor.ChooseColumnsView,TestLiveReportsFilter
ViewEditor.FilterView,TestLiveReportsFilter
ViewLibraryDlg,TestFullScanId
VolcanoPlotPropertiesDlg,TestGroupComparisonVolcanoPlot
VolcanoPlotFormattingDlg,TestVolcanoPlotFormatting
WebDavBrowser,TestPanoramaClient
DetectionToolbarProperties, TestDetectionsPlot
ImportTransitionListColumnSelectDlg,TestExistingExperimentsTutorial
